{"cameraMode":{"drawMode":0,"name":"Shaded","section":"Shading Mode"},"sceneLighting":false,"audioPlay":false,"sceneViewState":{"m_AlwaysRefresh":false,"showFog":true,"showSkybox":false,"showFlares":true,"showImageEffects":true,"showParticleSystems":true,"showVisualEffectGraphs":true,"m_FxEnabled":true},"in2DMode":false,"pivot":{"x":-0.18658603727817536,"y":0.6103389859199524,"z":0.1672835499048233},"rotation":{"x":-0.19108352065086366,"y":0.6834357976913452,"z":-0.1926833838224411,"w":-0.6777157783508301},"size":1.1768192052841187,"orthographic":false}